Date,SP500,iShares
1/4/2010,0.003115676,-0.001538768
1/5/2010,0.000545521,-0.007020333
1/6/2010,0.004001201,-0.003793761
1/7/2010,0.002881727,0.007616043
1/8/2010,0.001746755,-0.004809864
1/11/2010,-0.009381165,-0.012083552
1/12/2010,0.008325926,0.009260779
1/13/2010,0.002426425,0.007617569
1/14/2010,-0.01082313,-0.013573655
1/15/2010,0.012499626,0.015154183
1/19/2010,-0.010597829,-0.014584889
1/20/2010,-0.018944904,-0.009924982
1/21/2010,-0.022140988,-0.038867422
1/22/2010,0.004598098,0.007685204
1/25/2010,-0.004203199,-0.0012712
1/26/2010,0.004880152,0.006181794
1/27/2010,-0.011817741,-0.027827851
1/28/2010,-0.009829174,-0.024349463
1/29/2010,0.014266109,0.015812537
2/1/2010,0.012972948,0.008814777
2/2/2010,-0.005474311,0.003717952
2/3/2010,-0.031140678,-0.028338611
2/4/2010,0.002897119,0.01105608
2/5/2010,-0.00886329,-0.005279025
2/8/2010,0.013040133,0.012319886
2/9/2010,-0.002232574,-0.003744709
2/10/2010,0.009680438,0.013531416
2/11/2010,-0.002744593,0.001854431
2/12/2010,0.018000748,0.014621417
2/16/2010,0.00423796,0.004742888
2/17/2010,0.006584742,0.008896256
2/18/2010,0.002186622,-0.000720056
2/19/2010,-0.001045858,-0.002701372
2/22/2010,-0.012102809,-0.014264858
2/23/2010,0.009720459,0.009525445
2/24/2010,-0.00208104,-0.001632948
2/25/2010,0.001405379,0.000908738
2/26/2010,0.010158509,0.01307417
3/1/2010,0.002330443,-0.000896196
3/2/2010,0.000429201,0.001435351
3/3/2010,0.003736118,0.004120263
3/4/2010,0.014007481,0.012132266
3/5/2010,-0.000175596,0.002643867
3/8/2010,0.001712737,0.004570965
3/9/2010,0.00452456,0.006300495
3/10/2010,0.004041519,0.003652134
3/11/2010,-0.000217346,0.000519768
3/12/2010,0.000452195,-0.003463756
3/15/2010,0.007779116,0.008341966
3/16/2010,0.005821676,0.004308997
3/17/2010,-0.000325846,0.000857961
3/18/2010,-0.005086447,-0.008573569
3/19/2010,0.005095297,0.008820911
3/22/2010,0.007170967,0.010457606
3/23/2010,-0.005493304,-0.006108006
3/24/2010,-0.001704168,0.000854288
3/25/2010,0.000737723,-0.001877963
3/26/2010,0.005683235,0.000684258
3/29/2010,4.26595E-05,0.004615406
3/30/2010,-0.003272875,-0.006466196
3/31/2010,0.007413801,0.000856394
4/1/2010,0.00792799,0.012149688
4/5/2010,0.001684296,0.00169036
4/6/2010,-0.005876707,-0.002531817
4/7/2010,0.003374342,0.000507791
4/8/2010,0.006683907,0.007779344
4/9/2010,0.001766609,0.004195451
4/12/2010,0.000685401,0.002840859
4/13/2010,0.011150066,0.017830268
4/14/2010,0.000842539,0.004911731
4/15/2010,-0.016126535,-0.013196507
4/16/2010,0.004521332,0.000495271
4/19/2010,0.00805834,0.005115489
4/20/2010,-0.001018997,0.003940231
4/21/2010,0.00226388,0.00408842
4/22/2010,0.00712352,0.001954604
4/23/2010,-0.004296448,-0.000975633
4/26/2010,-0.023381945,-0.018873817
4/27/2010,0.006462752,0.001658069
4/28/2010,0.012943228,0.009106198
4/29/2010,-0.01664768,-0.022805601
4/30/2010,0.013120587,0.013935314
5/3/2010,-0.023838466,-0.02914384
5/4/2010,-0.006586555,-0.005457637
5/5/2010,-0.032353497,-0.033442432
5/6/2010,-0.015308265,-0.023598093
5/7/2010,0.043974124,0.0505178
5/10/2010,-0.003397292,-0.002767507
5/11/2010,0.013739524,0.023590552
5/12/2010,-0.012145145,-0.013557256
5/13/2010,-0.018800014,-0.017006902
5/14/2010,0.001109368,0.001922269
5/17/2010,-0.014195906,-0.013954253
5/18/2010,-0.005130264,-0.007429904
5/19/2010,-0.038975903,-0.036000539
5/20/2010,0.01502438,0.009613397
5/21/2010,-0.012908014,-0.006591967
5/24/2010,0.000353937,-0.001474996
5/25/2010,-0.005660994,-0.01033773
5/26/2010,0.032876174,0.038052861
5/27/2010,-0.012374689,-0.009344416
5/28/2010,-0.017165321,-0.010883206
6/1/2010,0.025842707,0.024023538
6/2/2010,0.004051377,0.01199845
6/3/2010,-0.034411426,-0.034152958
6/4/2010,-0.013532073,-0.019421324
6/7/2010,0.010976067,0.000186743
6/8/2010,-0.005941675,-0.008593236
6/9/2010,0.029506793,0.024496081
6/10/2010,0.004379679,0.012506775
6/11/2010,-0.001804664,-0.002179753
6/14/2010,0.023494191,0.028763811
6/15/2010,-0.000555935,0.003715981
6/16/2010,0.001283008,0.003702642
6/17/2010,0.001317131,0.001054066
6/18/2010,-0.003856842,-0.009475408
6/21/2010,-0.016070691,-0.009920381
6/22/2010,-0.002985474,-0.003757261
6/23/2010,-0.016803503,-0.018433674
6/24/2010,0.002859363,-0.001465626
6/25/2010,-0.002033939,0.000366969
6/28/2010,-0.031017019,-0.037968035
6/29/2010,-0.01011297,-0.016205708
6/30/2010,-0.003240452,-0.004457353
7/1/2010,-0.004662369,-0.002141171
7/2/2010,0.005359035,0.006437548
7/6/2010,0.031330816,0.038573598
7/7/2010,0.009412678,0.004852288
7/8/2010,0.007203888,0.005757757
7/9/2010,0.000732902,0.007571619
7/12/2010,0.015378879,0.014662658
7/13/2010,-0.000155132,0.009032
7/14/2010,0.001196103,0.001074142
7/15/2010,-0.028819473,-0.028254804
7/16/2010,0.00598189,0.010857412
7/19/2010,0.011416551,0.00546178
7/20/2010,-0.012819816,-0.013579574
7/21/2010,0.022513373,0.026982389
7/22/2010,0.00822002,0.0060767
7/23/2010,0.011200167,0.006928523
7/26/2010,-0.001049357,0.001235077
7/27/2010,-0.006921965,-0.010572643
7/28/2010,-0.004158621,-0.008726724
7/29/2010,6.34999E-05,-0.003952803
7/30/2010,0.022022521,0.020743371
8/2/2010,-0.004796355,-0.004417671
8/3/2010,0.006051112,0.006922163
8/4/2010,-0.001268524,-0.00387802
8/5/2010,-0.003704039,-0.003362214
8/6/2010,0.005483064,0.00461651
8/9/2010,-0.005967405,-0.013078835
8/10/2010,-0.028178765,-0.026325147
8/11/2010,-0.005378749,-0.018760245
8/12/2010,-0.004023574,-0.005435819
8/13/2010,0.000120459,0.003580583
8/16/2010,0.012192216,0.010704357
8/17/2010,0.001482779,0.005574203
8/18/2010,-0.016935392,-0.012749632
8/19/2010,-0.003663029,0.002058921
8/20/2010,-0.004040307,-0.010085921
8/23/2010,-0.014512433,-0.016981214
8/24/2010,0.003289343,0.006142018
8/25/2010,-0.007684786,-0.010873619
8/26/2010,0.016586768,0.012150453
8/27/2010,-0.014719209,-0.012194943
8/30/2010,0.000390794,-0.005787168
8/31/2010,0.029504621,0.026193089
9/1/2010,0.009080836,0.008130096
9/2/2010,0.013219002,0.017629361
9/3/2010,-0.01147119,-0.007924741
9/7/2010,0.006438699,0.004644256
9/8/2010,0.00483229,0.002403793
9/9/2010,0.004863333,-0.000368872
9/10/2010,0.011130616,0.022697867
9/13/2010,-0.000713119,0.004330603
9/14/2010,0.003541138,0.005749253
9/15/2010,-0.000364344,0.006787996
9/16/2010,0.000826856,0.004080975
9/17/2010,0.015209797,0.014136677
9/20/2010,-0.002564021,-0.00156808
9/21/2010,-0.004825493,-0.005584777
9/22/2010,-0.00833134,-0.000421802
9/23/2010,0.021194393,0.021445146
9/24/2010,-0.005667433,-0.001376835
9/27/2010,0.004850386,0.002067951
9/28/2010,-0.002587759,0.000172167
9/29/2010,-0.003083722,-0.005329986
9/30/2010,0.004416438,-0.000691716
10/1/2010,-0.008034933,-0.010724792
10/4/2010,0.020861341,0.021682101
10/5/2010,-0.000672004,-0.007701411
10/6/2010,-0.001646518,0.002586968
10/7/2010,0.006122277,0.007913308
10/8/2010,0.000145837,0.000682704
10/11/2010,0.003818757,0.008016433
10/12/2010,0.00712102,0.009644686
10/13/2010,-0.003641386,-0.000838128
10/14/2010,0.002027485,0.02046308
10/15/2010,0.007243745,0.002629701
10/18/2010,-0.015877251,-0.016065472
10/19/2010,0.010524076,0.005664789
10/20/2010,0.001773909,0.000662756
10/21/2010,0.002389258,0.007946928
10/22/2010,0.002146972,0.003777982
10/25/2010,1.68857E-05,0.00032732
10/26/2010,-0.002690584,0.006706898
10/27/2010,0.001124849,0.000650118
10/28/2010,-0.000439287,0.001461426
10/29/2010,0.000946533,0.002756718
11/1/2010,0.007759284,0.009055578
11/2/2010,0.003678054,0.005127985
11/3/2010,0.019282863,0.015306207
11/4/2010,0.003922753,-0.000156894
11/5/2010,-0.002120958,0.00251307
11/8/2010,-0.0080523,-0.003603326
11/9/2010,0.004376081,0.001729446
11/10/2010,-0.004242127,-0.017579647
11/11/2010,-0.011808492,-0.013101245
11/12/2010,-0.001217436,-0.00453306
11/15/2010,-0.016205413,-0.018051522
11/16/2010,0.000212163,-0.000165683
11/17/2010,0.015357313,0.017889748
11/18/2010,0.002540373,0.003580105
11/19/2010,-0.001575366,0.008269874
11/22/2010,-0.014284033,-0.014956504
11/23/2010,0.014922968,0.017959219
11/24/2010,-0.007468563,-0.003528824
11/26/2010,-0.001378858,-0.006437761
11/29/2010,-0.006070217,-0.012797901
11/30/2010,0.021616955,0.021988862
12/1/2010,0.012818563,0.012684746
12/2/2010,0.002603237,0.004281093
12/3/2010,-0.001298239,0.00031566
12/6/2010,0.00051508,0.000631307
12/7/2010,0.00370176,0.008201783
12/8/2010,0.003842748,-0.000156423
12/9/2010,0.006001642,0.005789351
12/10/2010,4.83207E-05,-0.004200306
12/13/2010,0.000910956,-0.001093657
12/14/2010,-0.005122453,-0.003440736
12/15/2010,0.006185095,0.006434676
12/16/2010,0.000836804,0.002962607
12/17/2010,0.002548353,-0.001243904
12/20/2010,0.006030103,0.007783569
12/21/2010,0.003379555,-0.000402061
12/22/2010,-0.001644328,-0.002011165
12/23/2010,0.000612697,0.001084958
12/27/2010,0.000771324,0.000154714
12/28/2010,0.001009145,0.001083681
12/29/2010,-0.001508219,-0.001855571
12/30/2010,-0.000190789,-0.002479228
12/31/2010,0.011314828,0.011649372
1/3/2011,-0.001313062,0.002303231
1/4/2011,0.005007171,0.005668103
1/5/2011,-0.002122958,0.009291728
1/6/2011,-0.001844782,-0.003169527
1/7/2011,-0.001376327,0.004087866
1/10/2011,0.003725127,0.001357031
1/11/2011,0.00900758,0.008884412
1/12/2011,-0.001710746,-0.000149126
1/13/2011,0.007384542,0.009851798
1/14/2011,0.001376411,0.00206955
1/18/2011,-0.010115655,-0.007965865
1/19/2011,-0.001294959,-0.010557323
1/20/2011,0.002413546,-0.00556077
1/21/2011,0.00583628,0.013148101
1/24/2011,0.000263463,0.002983292
1/25/2011,0.004220907,0.005800084
1/26/2011,0.002244306,0.006801654
1/27/2011,-0.017852527,-0.023351817
1/28/2011,0.007662558,0.006466362
1/31/2011,0.016693599,0.017630597
2/1/2011,-0.002722518,0.002789793
2/2/2011,0.0023542,0.000584992
2/3/2011,0.002884262,0.007755982
2/4/2011,0.006240172,0.006969593
2/7/2011,0.004184752,0.00432533
2/8/2011,-0.002785765,-0.002727585
2/9/2011,0.000749493,-0.005758367
2/10/2011,0.005507371,0.00463344
2/11/2011,0.002384924,0.00245041
2/14/2011,-0.003234911,-0.005032669
2/15/2011,0.006257435,0.007659108
2/16/2011,0.003075692,0.001577552
2/17/2011,0.001924723,-0.000429956
2/18/2011,-0.020528566,-0.027502692
2/22/2011,-0.006111961,-0.013993752
2/23/2011,-0.000994377,0.004183275
2/24/2011,0.010550516,0.0147278
2/25/2011,0.005561086,0.001465847
2/28/2011,-0.015739678,-0.018444928
3/1/2011,0.001615201,0.005368896
3/2/2011,0.017219002,0.017801377
3/3/2011,-0.007378038,-0.006413123
3/4/2011,-0.008341232,-0.015549331
3/7/2011,0.008922734,0.006258462
3/8/2011,-0.001361703,-0.007404106
3/9/2011,-0.018870952,-0.020289428
3/10/2011,0.007080514,0.006243353
3/11/2011,-0.006049325,-0.004540121
3/14/2011,-0.011200349,-0.01489801
3/15/2011,-0.019494949,-0.025463008
3/16/2011,0.013398229,0.007601142
3/17/2011,0.004310202,0.001257173
3/18/2011,0.014985846,0.019777028
3/21/2011,-0.003550567,-0.001847165
3/22/2011,0.002913979,0.005088826
3/23/2011,0.009340748,0.01656965
3/24/2011,0.003161137,0.003096885
3/25/2011,-0.002747837,-0.005421708
3/28/2011,0.007060045,0.006662607
3/29/2011,0.006684707,0.001955379
3/30/2011,-0.001829502,-0.001051014
3/31/2011,0.004962988,-0.00285516
4/1/2011,0.00034521,-0.00617948
4/4/2011,-0.000180055,-0.000606444
4/5/2011,0.002183677,0.00698002
4/6/2011,-0.001520006,-0.000602606
4/7/2011,-0.004004444,-0.005428118
4/8/2011,-0.00279338,-0.002880706
4/11/2011,-0.007776699,-0.008514501
4/12/2011,0.000190236,0.007207459
4/13/2011,8.36771E-05,-0.002436067
4/14/2011,0.003925413,-0.003968042
4/15/2011,-0.011017852,-0.007661862
4/18/2011,0.005731171,0.003242667
4/19/2011,0.013514947,0.025704133
4/20/2011,0.005276782,0.008553757
4/21/2011,-0.00159267,0.002677815
4/25/2011,0.008979584,0.007419632
4/26/2011,0.006249847,0.004271946
4/27/2011,0.003555424,0.000439756
4/28/2011,0.002300662,0.002785256
4/29/2011,-0.001752711,-0.006578676
5/2/2011,-0.003379304,-0.004267746
5/3/2011,-0.006855309,-0.001625556
5/4/2011,-0.009069835,-0.003849526
5/5/2011,0.00381992,0.003715521
5/6/2011,0.004544164,0.002220872
5/9/2011,0.008074037,0.008568405
5/10/2011,-0.011111496,-0.007323582
5/11/2011,0.004895437,0.005902236
5/12/2011,-0.008067329,-0.012322161
5/13/2011,-0.006204392,-0.01663475
5/16/2011,-0.000368561,-0.002416615
5/17/2011,0.0088038,0.009235518
5/18/2011,0.002177941,0.00150038
5/19/2011,-0.007688267,-0.005392535
5/20/2011,-0.011925585,-0.015662767
5/23/2011,-0.00082738,-0.004590091
5/24/2011,0.003183169,0.004764993
5/25/2011,0.003953115,0.006424898
5/26/2011,0.00408092,0.005472027
5/27/2011,0.010592724,0.015570824
5/31/2011,-0.022784644,-0.02277485
6/1/2011,-0.001224836,0.001066449
6/2/2011,-0.009733809,-0.014607568
6/3/2011,-0.010760206,-0.007412056
6/6/2011,-0.000956408,-0.003111212
6/7/2011,-0.004186874,-0.009519324
6/8/2011,0.00737749,0.001260479
6/9/2011,-0.013979845,-0.014634518
6/10/2011,0.000668756,-0.002554903
6/13/2011,0.01261178,0.014569501
6/14/2011,-0.017431846,-0.018147529
6/15/2011,0.001754335,-0.004017934
6/16/2011,0.003045017,-0.002904643
6/17/2011,0.005395191,0.002751093
6/20/2011,0.013423476,0.020497089
6/21/2011,-0.006468449,-0.006958599
6/22/2011,-0.002827987,0.010829852
6/23/2011,-0.011725788,-0.018277236
6/24/2011,0.009184458,0.014469264
6/27/2011,0.012944355,0.012836899
6/28/2011,0.008282747,0.002660131
6/29/2011,0.010119229,0.014668861
6/30/2011,0.014409702,0.015841554
7/1/2011,-0.001336179,0.00257378
7/5/2011,0.001001559,0.005134378
7/6/2011,0.010453846,0.0136719
7/7/2011,-0.006961117,-0.004742748
7/8/2011,-0.018090533,-0.018019473
7/11/2011,-0.004433512,-0.010767441
7/12/2011,0.00310584,0.003066071
7/13/2011,-0.006716128,-0.010239965
7/14/2011,0.005554425,0.014515217
7/15/2011,-0.00812989,-0.003500814
7/18/2011,0.016308708,0.027646146
7/19/2011,-0.000670833,-0.004458829
7/20/2011,0.013546192,0.003433785
7/21/2011,0.000907852,0.014283941
7/22/2011,-0.005643013,-0.003374331
7/25/2011,-0.004104972,0.003974336
7/26/2011,-0.020308668,-0.030200844
7/27/2011,-0.003233967,0.001058127
7/28/2011,-0.006450533,-0.00739956
7/29/2011,-0.004132299,-0.002130021
8/1/2011,-0.025556664,-0.022564293
8/2/2011,0.005015683,0.010138669
8/3/2011,-0.047820447,-0.045243805
8/4/2011,-0.000574917,-0.008410042
8/5/2011,-0.066634464,-0.055945392
8/8/2011,0.047406848,0.041810502
8/9/2011,-0.044152404,-0.037810978
8/10/2011,0.046290022,0.041882078
8/11/2011,0.005261669,0.008933118
8/12/2011,0.021784622,0.017543973
8/15/2011,-0.009738545,-0.01127948
8/16/2011,0.000947387,-0.008963493
8/17/2011,-0.044593715,-0.051965292
8/18/2011,-0.015008981,-0.027926962
8/19/2011,0.000258041,0.005174975
8/22/2011,0.034284878,0.039765713
8/23/2011,0.013119973,0.007170751
8/24/2011,-0.01556552,-0.015765375
8/25/2011,0.01512161,0.024113052
8/26/2011,0.028280001,0.029263354
8/29/2011,0.002347025,0.002124189
8/30/2011,0.004921982,0.000489078
8/31/2011,-0.011871433,-0.012060101
9/1/2011,-0.025281938,-0.024249284
9/2/2011,-0.00743629,-0.005071755
9/6/2011,0.028646464,0.027527451
9/7/2011,-0.01061218,-0.003968924
9/8/2011,-0.026705492,-0.020919643
9/9/2011,0.006965718,0.012718289
9/12/2011,0.009120062,0.013730745
9/13/2011,0.013479805,0.017178634
9/14/2011,0.017187073,0.015751859
9/15/2011,0.005706698,0.008473204
9/16/2011,-0.009802587,-0.000634047
9/19/2011,-0.001661005,-0.004758861
9/20/2011,-0.029390442,-0.014344933
9/21/2011,-0.031883121,-0.030886236
9/22/2011,0.006082009,0.010713957
9/23/2011,0.023336145,0.013891474
9/26/2011,0.010688383,0.012558946
9/27/2011,-0.020691135,-0.016269299
9/28/2011,0.008114229,-0.00392987
9/29/2011,-0.024974129,-0.027782468
9/30/2011,-0.028451029,-0.024687158
10/3/2011,0.022488443,0.023058172
10/4/2011,0.017865634,0.024572087
10/5/2011,0.018303665,0.017367055
10/6/2011,-0.008163309,-0.005202675
10/7/2011,0.034124985,0.032521766
10/10/2011,0.000544003,0.006806
10/11/2011,0.009794704,0.005502275
10/12/2011,-0.002973672,0.011725883
10/13/2011,0.017380258,0.020244338
10/14/2011,-0.019369883,-0.017721829
10/17/2011,0.020418717,0.009097853
10/18/2011,-0.012649137,-0.020171001
10/19/2011,0.004554179,-0.005770635
10/20/2011,0.018808765,0.010666819
10/21/2011,0.012872959,0.02250489
10/24/2011,-0.020044725,-0.014875433
10/25/2011,0.010536553,0.004468168
10/26/2011,0.034291438,0.030066047
10/27/2011,0.000389229,0.002829575
10/28/2011,-0.024737503,-0.017820205
10/31/2011,-0.027942247,-0.029029141
11/1/2011,0.016104668,0.011367356
11/2/2011,0.018781808,0.025403974
11/3/2011,-0.006280017,-0.004054097
11/4/2011,0.006295744,0.005578046
11/7/2011,0.011735639,0.011694262
11/8/2011,-0.036695143,-0.036306888
11/9/2011,0.008624176,0.001537532
11/10/2011,0.01948054,0.019192314
11/11/2011,-0.009550142,-0.004519191
11/14/2011,0.004817164,0.013922296
11/15/2011,-0.016616201,-0.014925223
11/16/2011,-0.016799952,-0.022121142
11/17/2011,-0.000394679,-0.008367042
11/18/2011,-0.018648495,-0.020624917
11/21/2011,-0.004140841,-0.001276395
11/22/2011,-0.022095215,-0.024121381
11/23/2011,-0.002685507,-0.007529948
11/25/2011,0.029240425,0.034636351
11/28/2011,0.002213653,-0.007332847
11/29/2011,0.043315308,0.040308193
11/30/2011,-0.001908646,0.004785506
12/1/2011,-0.000240987,-0.001229316
12/2/2011,0.010287015,0.014305711
12/5/2011,0.001105749,-0.001212982
12/6/2011,0.002018355,0.000151654
12/7/2011,-0.02114181,-0.016851485
12/8/2011,0.016883352,0.017449051
12/9/2011,-0.014914054,-0.014265989
12/12/2011,-0.00868601,-0.011085565
12/13/2011,-0.011348367,-0.018060124
12/14/2011,0.003243101,-0.003963818
12/15/2011,0.00321615,0.003343073
12/16/2011,-0.011732825,-0.011740635
12/19/2011,0.029825423,0.030823356
12/20/2011,0.001949506,-0.020869018
12/21/2011,0.00826555,0.012906352
12/22/2011,0.009035053,0.009595825
12/23/2011,7.91082E-05,0.002025492
12/27/2011,-0.012478002,-0.012284174
12/28/2011,0.010707088,0.008029034
12/29/2011,-0.004291337,-0.002030421
12/30/2011,0.015473985,0.015492954
1/3/2012,0.000187924,0.003852811
1/4/2012,0.002943717,0.006447508
1/5/2012,-0.002536961,0.001678057
1/6/2012,0.002261597,-0.001827333
1/9/2012,0.00888577,0.005034269
1/10/2012,0.000309597,0.002883785
1/11/2012,0.002336609,0.003027162
1/12/2012,-0.004947923,-0.007092189
1/13/2012,0.003552955,0.005471155
1/17/2012,0.011107929,0.017684357
1/18/2012,0.004938657,0.008020299
1/19/2012,0.00066946,0.003388744
1/20/2012,0.000471343,0.003230874
1/23/2012,-0.001025818,0.001756282
1/24/2012,0.008679143,0.010227777
1/25/2012,-0.005753891,-0.005206747
1/26/2012,-0.001592878,0.00189009
1/27/2012,-0.002522123,0.002176615
1/30/2012,-0.000456947,0.001882303
1/31/2012,0.008899606,0.01069512
2/1/2012,0.001095147,0.002574545
2/2/2012,0.014605357,0.013692499
2/3/2012,-0.000423874,0.000984882
2/6/2012,0.002023382,0.003092074
2/7/2012,0.002160211,0.008689298
2/8/2012,0.00147411,0.009168855
2/9/2012,-0.006886302,-0.008810577
2/10/2012,0.006800039,0.005972188
2/13/2012,-0.000939524,0.003589565
2/14/2012,-0.005383206,-0.005365148
2/15/2012,0.011025706,0.015767781
2/16/2012,0.00234893,-0.002178949
2/17/2012,0.000719923,0.003821056
2/21/2012,-0.003340107,-0.004894223
2/22/2012,0.004272002,0.004371983
2/23/2012,0.001672238,0.00462465
2/24/2012,0.001354559,0.00162426
2/27/2012,0.003356333,0.007840463
2/28/2012,-0.004736988,-0.005230901
2/29/2012,0.00615804,0.006876326
3/1/2012,-0.003245756,-0.002678483
3/2/2012,-0.003869694,-0.011143892
3/5/2012,-0.015370161,-0.010726301
3/6/2012,0.006900622,0.007960646
3/7/2012,0.009817932,0.010756868
3/8/2012,0.00363125,0.00444591
3/9/2012,0.000160461,0.001341232
3/12/2012,0.018131549,0.021028552
3/13/2012,-0.001196262,0.005378556
3/14/2012,0.005967199,0.003913739
3/15/2012,0.001119398,-0.001169141
3/16/2012,0.003973846,0.007937248
3/19/2012,-0.003000518,-0.000387051
3/20/2012,-0.001871197,-0.000129362
3/21/2012,-0.007206542,-0.004004296
3/22/2012,0.003108858,0.000648592
3/23/2012,0.013885825,0.016234333
3/26/2012,-0.002816775,0.000638445
3/27/2012,-0.004941509,-0.002297062
3/28/2012,-0.00160793,-0.001790893
3/29/2012,0.003698436,-0.002946929
3/30/2012,0.007504646,0.010409836
4/2/2012,-0.003988636,-0.001399078
4/3/2012,-0.010202524,-0.015030096
4/4/2012,-0.000629042,0.002845055
4/5/2012,-0.011358438,-0.006576103
4/9/2012,-0.017081454,-0.014668121
4/10/2012,0.007448896,0.005005832
4/11/2012,0.013779388,0.013763317
4/12/2012,-0.012475001,-0.017325857
4/13/2012,-0.000503601,-0.011052808
4/16/2012,0.015486674,0.023549801
4/17/2012,-0.004055288,-0.007669401
4/18/2012,-0.005934397,-0.015194955
4/19/2012,0.001169265,-0.006650592
4/20/2012,-0.00840757,-0.007766632
4/23/2012,0.003679774,-0.007017593
4/24/2012,0.013644592,0.031122793
4/25/2012,0.006680166,0.007249183
4/26/2012,0.002414324,-0.000130774
4/27/2012,-0.003883502,-0.009161345
4/30/2012,0.005658384,0.003038158
5/1/2012,-0.002496683,0.001579955
5/2/2012,-0.007658872,-0.009465883
5/3/2012,-0.016147208,-0.022564702
5/4/2012,0.000350581,-0.003122892
5/7/2012,-0.004278673,-0.005040504
5/8/2012,-0.006702267,0.000547801
5/9/2012,0.002517411,-0.010673447
5/10/2012,-0.003387341,0.0008302
5/11/2012,-0.011112864,-0.010226922
5/14/2012,-0.005745838,-0.002792564
5/15/2012,-0.004403818,-0.009660923
5/16/2012,-0.015051376,-0.017672931
5/17/2012,-0.007387777,-0.012809246
5/18/2012,0.016035901,0.029012783
5/21/2012,0.000486337,-0.003967122
5/22/2012,0.001693703,0.001991743
5/23/2012,0.001380032,-0.011073577
5/24/2012,-0.002165633,-0.001004791
5/25/2012,0.011078978,0.013364064
5/29/2012,-0.014334892,-0.006381323
5/30/2012,-0.002276665,-0.005993926
5/31/2012,-0.024642585,-0.027997086
6/1/2012,0.000109554,0.002954197
6/4/2012,0.00572685,0.00839459
6/5/2012,0.023049401,0.02555861
6/6/2012,-0.000106465,-0.004984238
6/7/2012,0.008114164,0.010161689
6/8/2012,-0.012620113,-0.019977674
6/11/2012,0.011650737,0.012433431
6/12/2012,-0.007023251,-0.006425867
6/13/2012,0.010814653,0.000143876
6/14/2012,0.010337815,0.014944579
6/15/2012,0.001444746,0.006229755
6/18/2012,0.009815695,0.010049753
6/19/2012,-0.001686357,0.001953403
6/20/2012,-0.022261677,-0.027297883
6/21/2012,0.007174604,0.010595666
6/22/2012,-0.015954854,-0.022102563
6/25/2012,0.004772721,0.003332298
6/26/2012,0.008984906,0.006498258
6/27/2012,-0.0021098,-0.009325388
6/28/2012,0.024920239,0.031571052
6/29/2012,0.002459312,0.002667262
7/2/2012,0.006232111,0.009800766
7/3/2012,-0.004687023,0.002634807
7/5/2012,-0.009432649,-0.020052418
7/6/2012,-0.001638832,-0.003669212
7/9/2012,-0.008125926,-0.010339707
7/10/2012,-1.49239E-05,-0.006297579
7/11/2012,-0.004987097,-0.01238663
7/12/2012,0.016497362,0.014729513
7/13/2012,-0.002314313,-0.003880567
7/16/2012,0.007409672,0.000721638
7/17/2012,0.006680491,0.020616989
7/18/2012,0.0027171,0.0135614
7/19/2012,-0.01006166,-0.01337995
7/20/2012,-0.008909056,-0.010877318
7/23/2012,-0.009040933,-0.009425723
7/24/2012,-0.000313861,-0.007497357
7/25/2012,0.016540975,0.014090488
7/26/2012,0.019080565,0.02134395
7/27/2012,-0.00048336,-0.001823569
7/30/2012,-0.004316829,0.004917995
7/31/2012,-0.00289998,-0.004054648
8/1/2012,-0.007503669,-0.003650362
8/2/2012,0.019040286,0.020853697
8/3/2012,0.002329269,0.008558056
8/6/2012,0.005106759,0.009169489
8/7/2012,0.000620826,0.000542095
8/8/2012,0.000413685,0.005963838
8/9/2012,0.002188442,0.002424832
8/10/2012,-0.001251901,0.002150868
8/13/2012,-0.000128146,-0.003755396
8/14/2012,0.00113964,0.002423304
8/15/2012,0.007100511,0.015175671
8/16/2012,0.001872134,0.007408804
8/17/2012,-2.11746E-05,0.002626055
8/20/2012,-0.003497536,-0.005501099
8/21/2012,0.000226403,0.002107527
8/22/2012,-0.008072243,-0.009725552
8/23/2012,0.006454731,0.004247074
8/24/2012,-0.000489015,0.000528382
8/27/2012,-0.000808182,0.000528511
8/28/2012,0.000844349,0.001452051
8/29/2012,-0.007805805,-0.01265472
8/30/2012,0.005073296,0.006541996
8/31/2012,-0.001165959,0.000265328
9/4/2012,-0.001067661,-0.000663151
9/5/2012,0.020435541,0.023221823
9/6/2012,0.004049974,-0.000648531
9/7/2012,-0.00614783,-0.01375534
9/10/2012,0.003134956,0.001315682
9/11/2012,0.002092692,0.004862131
9/12/2012,0.016309747,0.013600095
9/13/2012,0.003958952,0.010192466
9/14/2012,-0.003124691,-0.001277335
9/17/2012,-0.001279775,0.000766958
9/18/2012,0.001185554,-0.000383185
9/19/2012,-0.000540734,-0.003962252
9/20/2012,-7.53195E-05,0.000641364
9/21/2012,-0.002232653,-0.008849579
9/24/2012,-0.010501856,-0.015704862
9/25/2012,-0.005736735,-0.008431826
9/26/2012,0.009648982,0.016476091
9/27/2012,-0.004477753,-0.008235232
9/28/2012,0.002651507,-0.003822486
10/1/2012,0.000872287,0.001852447
10/2/2012,0.003624409,0.003565931
10/3/2012,0.007174435,0.000262979
10/4/2012,-0.000321589,-0.007630458
10/5/2012,-0.003456736,-0.009412963
10/8/2012,-0.009890942,-0.013516953
10/9/2012,-0.00618803,-0.005290835
10/10/2012,0.000195389,-0.004500975
10/11/2012,-0.002966137,0.001369714
10/12/2012,0.008077922,0.006157283
10/15/2012,0.010269933,0.01631763
10/16/2012,0.004117058,-0.00842937
10/17/2012,-0.002443729,-0.01808132
10/18/2012,-0.016571305,-0.023498721
10/19/2012,0.000439582,0.00942858
10/22/2012,-0.014443906,-0.009758468
10/23/2012,-0.003085383,-0.00506861
10/24/2012,0.002995543,-0.003112949
10/25/2012,-0.000728982,0.001277555
10/26/2012,0.00015588,-0.003544251
10/31/2012,0.010926475,0.017925832
11/1/2012,-0.009379454,-0.015513334
11/2/2012,0.002163809,0.007240141
11/5/2012,0.007853185,0.005778431
11/6/2012,-0.023705,-0.026905696
11/7/2012,-0.012204842,-0.015408905
11/8/2012,0.001698693,0.006581531
11/9/2012,0.000130487,-0.005231039
11/12/2012,-0.003985421,-0.007449294
11/13/2012,-0.013852036,-0.007946957
11/14/2012,-0.001593545,-0.005192212
11/15/2012,0.00483995,0.003131447
11/16/2012,0.019862054,0.02764962
11/19/2012,0.000663386,-0.006654007
11/20/2012,0.002320181,0.003932027
11/21/2012,0.013026315,0.016826319
11/23/2012,-0.002029582,0.007560439
11/26/2012,-0.005226588,-0.004530645
11/27/2012,0.007856029,0.006684505
11/28/2012,0.004269642,0.004803606
11/29/2012,0.000162508,-0.003655676
11/30/2012,-0.004745225,-0.000987679
12/3/2012,-0.001709812,-0.001695495
12/4/2012,0.001584862,-0.012876339
12/5/2012,0.003306591,0.007597058
12/6/2012,0.00292092,-0.005263853
12/7/2012,0.000338561,0.005149093
12/10/2012,0.006548882,0.013232587
12/11/2012,0.000448239,-0.003791311
12/12/2012,-0.006321425,-0.007753185
12/13/2012,-0.004135401,-0.009802813
12/14/2012,0.011870591,0.012195522
12/17/2012,0.011486657,0.019135052
12/18/2012,-0.007589201,-0.00301542
12/19/2012,0.005488109,-0.000420604
12/20/2012,-0.009378688,-0.007424572
12/21/2012,-0.002440296,-0.002681834
12/24/2012,-0.00478746,-0.00820817
12/26/2012,-0.001218442,0
12/27/2012,-0.011049942,-0.011558538
12/28/2012,0.016941941,0.020932613
12/31/2012,0.025403421,0.031391724
1/2/2013,-0.002085618,-0.007266429
1/3/2013,0.004865097,-0.007043589
1/4/2013,-0.003123116,-0.001807858
1/7/2013,-0.003242372,-0.003344012
1/8/2013,0.002655867,0.002516442
1/9/2013,0.007597415,0.006414646
1/10/2013,-4.75138E-05,0.002217284
1/11/2013,-0.000930671,-0.006498009
1/14/2013,0.00112867,-0.005427521
1/15/2013,0.000196992,0.006856202
1/16/2013,0.005642922,0.003751894
1/17/2013,0.00340327,-0.00373787
1/18/2013,0.004428107,0.001806586
1/22/2013,0.001507477,0.013732955
1/23/2013,6.61422E-06,-0.021620642
1/24/2013,0.005445482,0.00363676
1/25/2013,-0.001849621,0.004041233
1/28/2013,0.005105995,-0.003192011
1/29/2013,-0.003899621,-0.001810225
1/30/2013,-0.002563301,0.000557866
1/31/2013,0.010052706,0.009340553
2/1/2013,-0.011538745,-0.014779033
2/4/2013,0.01041651,0.012757795
2/5/2013,0.000549171,-0.000553839
2/6/2013,-0.001805399,0.0015235
2/7/2013,0.005657941,0.010233865
2/8/2013,-0.000606118,0.001368685
2/11/2013,0.001595272,-0.005194791
2/12/2013,0.000592263,-0.00068675
2/13/2013,0.000690672,0.002337655
2/14/2013,-0.001045081,-0.002606994
2/15/2013,0.007336475,0.007427731
2/19/2013,-0.012404138,-0.017203405
2/20/2013,-0.006303057,-0.011669931
2/21/2013,0.008772468,0.013072614
2/22/2013,-0.018309581,-0.01498532
2/25/2013,0.006109463,0.005916562
2/26/2013,0.012725994,0.009242053
2/27/2013,-0.00086408,-0.003052395
2/28/2013,0.002323855,0.000974195
3/1/2013,0.004610723,0.000973365
3/4/2013,0.009566017,0.016113155
3/5/2013,0.001084513,0.000546949
3/6/2013,0.001816492,0.003279249
3/7/2013,0.004481139,0.00068091
3/8/2013,0.003249086,0.004626968
3/11/2013,-0.002403253,-0.005689297
3/12/2013,0.001314052,0.001225725
3/13/2013,0.00560299,0.007348217
3/14/2013,-0.001618462,-0.002026187
3/15/2013,-0.005510332,0
3/18/2013,-0.002422531,-0.002842611
3/19/2013,0.006697492,0.005293957
3/20/2013,-0.008282434,-0.013637437
3/21/2013,0.007174256,0.006022904
3/22/2013,-0.003340039,-0.003028763
3/25/2013,0.007785111,0.005200504
3/26/2013,-0.00058835,-0.002450552
3/27/2013,0.004056669,0.000545693
3/28/2013,-0.00447358,-0.011458486
4/1/2013,0.005172264,0.003312129
4/2/2013,-0.010546129,-0.008526997
4/3/2013,0.004048452,-0.00194204
4/4/2013,-0.004294896,-0.010284724
4/5/2013,0.006302738,0.004072017
4/8/2013,0.003544332,0.008252018
4/9/2013,0.012189133,0.020391168
4/10/2013,0.003552251,-0.007884507
4/11/2013,-0.002836767,-0.005207351
4/12/2013,-0.022966291,-0.017630784
4/15/2013,0.014307223,0.014722835
4/16/2013,-0.014327681,-0.024596234
4/17/2013,-0.006701004,-0.013741264
4/18/2013,0.008847903,-0.002298091
4/19/2013,0.00466163,0.010365826
4/22/2013,0.010419219,0.012681661
4/23/2013,6.34034E-06,0.005487484
4/24/2013,0.004034732,0.00139932
4/25/2013,-0.001842113,0.000978226
4/26/2013,0.007186012,0.016752611
4/29/2013,0.0024849,0.010984245
4/30/2013,-0.009307884,-0.007740812
5/1/2013,0.009407983,0.013002515
5/2/2013,0.010534667,0.011214722
5/3/2013,0.001907779,0.007082077
5/6/2013,0.00523027,-0.003449721
5/7/2013,0.004139081,0.008254644
5/8/2013,-0.003687104,-0.004489772
5/9/2013,0.004321655,0.004510021
5/10/2013,4.28898E-05,-0.001980798
5/13/2013,0.010142153,0.000926392
5/14/2013,0.005114136,0.001453948
5/15/2013,-0.005009741,0.008975653
5/16/2013,0.010300097,0.009549844
5/17/2013,-0.000707618,0.0014252
5/20/2013,0.001722386,-0.001423172
5/21/2013,-0.008273657,-0.011792026
5/22/2013,-0.002923832,0.000524395
5/23/2013,-0.000551365,-0.002621223
5/24/2013,0.006340982,0.006964594
5/28/2013,-0.007047982,0.000130649
5/29/2013,0.003670344,0.009524811
5/30/2013,-0.014307242,-0.007754932
5/31/2013,0.005935989,0.005210365
6/3/2013,-0.005510807,-0.004664941
6/4/2013,-0.013779733,-0.010285153
6/5/2013,0.008490294,0.000657845
6/6/2013,0.012831541,0.010516509
6/7/2013,-0.000346813,-0.000780508
6/10/2013,-0.010153367,-0.011066381
6/11/2013,-0.008369555,-0.007898882
6/12/2013,0.014784291,0.010881194
6/13/2013,-0.005885016,-0.008138605
6/14/2013,0.007567365,0.011117067
6/17/2013,0.007791158,0.007067969
6/18/2013,-0.013851475,-0.008448154
6/19/2013,-0.025010351,-0.026477741
6/20/2013,0.002669777,-0.005655136
6/21/2013,-0.012145016,-0.014759625
6/24/2013,0.009497272,0.006734126
6/25/2013,0.009590487,0.005422854
6/26/2013,0.006199831,0.004358779
6/27/2013,-0.004289562,-0.001492038
6/28/2013,0.005403748,0.006655117
7/1/2013,-0.000544908,0.000539933
7/2/2013,0.000824047,0.005528482
7/3/2013,0.010201732,0.007107148
7/5/2013,0.005251546,-0.003195386
7/8/2013,0.007229671,0.005076164
7/9/2013,0.000181593,0.00478448
7/10/2013,0.01355425,0.018650817
7/11/2013,0.003086483,0.000908999
7/12/2013,0.00137488,0.005319363
7/15/2013,-0.003708761,0.000257818
7/16/2013,0.002774047,0.001032215
7/17/2013,0.005032965,-0.001288636
7/18/2013,0.00161005,-0.018970482
7/19/2013,0.002033026,0.003551751
7/22/2013,-0.001851937,-0.004325725
7/23/2013,-0.003811222,0.008557212
7/24/2013,0.002556472,0.002871638
7/25/2013,0.000828294,-0.001822051
7/26/2013,-0.003736038,-0.001303868
7/29/2013,0.000373817,0.009008502
7/30/2013,-0.00013641,-0.000388077
7/31/2013,0.01254057,0.010615222
8/1/2013,0.001640458,0.003970899
8/2/2013,-0.001479835,0.003189313
8/5/2013,-0.005723034,-0.007884929
8/6/2013,-0.003805865,-0.001538405
8/7/2013,0.00388545,0.005392198
8/8/2013,-0.00356996,-0.004213942
8/9/2013,-0.001152921,0.008463644
8/12/2013,0.002776056,0.008647155
8/13/2013,-0.005176618,-0.000504324
8/14/2013,-0.014281602,-0.018920162
8/15/2013,-0.003304595,0.001799702
8/16/2013,-0.005900302,-0.002053364
8/19/2013,0.003821195,0.001414578
8/20/2013,-0.005779603,-0.002054682
8/21/2013,0.008619376,0.004503959
8/22/2013,0.003947011,0.00576506
8/23/2013,-0.004039658,-0.000891739
8/26/2013,-0.015874195,-0.021672909
8/27/2013,0.002747646,0.002736496
8/28/2013,0.001963402,0.004808385
8/29/2013,-0.003174318,-0.007113058
8/30/2013,0.004164222,0.003646964
9/3/2013,0.008116953,0.010642557
9/4/2013,0.001209863,0.000642103
9/5/2013,5.44312E-05,0.000513601
9/6/2013,0.009992881,0.013724929
9/9/2013,0.007345789,0.004175537
9/10/2013,0.003052284,-0.006300456
9/11/2013,-0.003380415,-0.000887781
9/12/2013,0.00271468,-0.000380533
9/13/2013,0.005693153,-0.003428094
9/16/2013,0.004217739,0.005096042
9/17/2013,0.012177673,0.013816765
9/18/2013,-0.001842954,0.002500559
9/19/2013,-0.007216886,-0.00723368
9/20/2013,-0.004719586,0.002010026
9/23/2013,-0.002597143,-0.001312549
9/24/2013,-0.002739466,-0.000881749
9/25/2013,0.003485426,0.00302491
9/26/2013,-0.004073801,-0.004775097
9/27/2013,-0.006029231,-0.005050491
9/30/2013,0.007998543,0.011167593
10/1/2013,-0.00066667,0.001004137
10/2/2013,-0.008979415,-0.010531875
10/3/2013,0.007053224,0.006462485
10/4/2013,-0.008506362,-0.006546561
10/7/2013,-0.012332079,-0.017741923
10/8/2013,0.000573906,0.00270955
10/9/2013,0.021830497,0.017756096
10/10/2013,0.006286271,0.00733225
10/11/2013,0.004074721,0.005773136
10/14/2013,-0.007063723,-0.006363788
10/15/2013,0.013827532,0.009669756
10/16/2013,0.006743953,-0.001865632
10/17/2013,0.006548756,0.019813044
10/18/2013,9.17363E-05,0.005131806
10/21/2013,0.005737513,-0.002917432
10/22/2013,-0.004724557,-0.006583919
10/23/2013,0.003258135,0.003559188
10/24/2013,0.004394844,0.003424395
10/25/2013,0.001329699,0.000974928
10/28/2013,0.005584195,0.003652668
10/29/2013,-0.004875923,-0.00109183
10/30/2013,-0.003839381,-0.000728653
10/31/2013,0.002903421,0
11/1/2013,0.003570559,0.004010735
11/4/2013,-0.002805588,0.000968522
11/5/2013,0.00426554,0.007135125
11/6/2013,-0.013182772,-0.014169253
11/7/2013,0.01342756,0.010718814
11/8/2013,0.000722932,0.000602453
11/11/2013,-0.002370392,0.003854088
11/12/2013,0.008095344,0.011277697
11/13/2013,0.004837259,-0.004982743
11/14/2013,0.004222034,0.002861427
11/15/2013,-0.003698198,-0.009511226
11/18/2013,-0.002042965,-0.003961059
11/19/2013,-0.003635611,-0.002048886
11/20/2013,0.008128565,0.011592703
11/21/2013,0.004961458,-0.002267984
11/22/2013,-0.001263342,-0.001076895
11/25/2013,0.000149805,0.004910923
11/26/2013,0.002485081,0.010011697
11/27/2013,-0.000785689,0.00542851
11/29/2013,-0.002719021,-0.004342769
12/2/2013,-0.003192848,0.003300671
12/3/2013,-0.001303493,0.004464935
12/4/2013,-0.004339573,-0.001637687
12/5/2013,0.011237871,0.005623903
12/6/2013,0.0018171,0.004543872
12/9/2013,-0.003179659,-0.001739796
12/10/2013,-0.011316874,-0.012547755
12/11/2013,-0.003770562,-0.005059444
12/12/2013,-0.00010141,-0.002483833
12/13/2013,0.00632004,0.010314464
12/16/2013,-0.003100988,0.00129072
12/17/2013,0.016647964,0.006680043
12/18/2013,-0.000579929,-0.0012806
12/19/2013,0.004818728,0.010723941
12/20/2013,0.00531812,0.013665165
12/23/2013,0.002915747,0.002853368
12/24/2013,0.00474553,0.00307237
12/26/2013,-0.000336585,-0.002836166
12/27/2013,-0.000179254,-0.001251516
12/30/2013,0.003959675,0.007518758
12/31/2013,-0.008861913,-0.01028937
1/2/2014,-0.000332965,-0.004455652
1/3/2014,-0.002511767,-0.001262564
1/6/2014,0.006081764,0.009766918
1/7/2014,-0.000212209,0.00091042
1/8/2014,0.000348309,-0.006025605
1/9/2014,0.002306687,0.002973833
1/10/2014,-0.012576217,-0.010377374
1/13/2014,0.010817972,0.020857085
1/14/2014,0.005166188,0.012642698
1/15/2014,-0.00134712,-0.000445836
1/16/2014,-0.003895175,-0.007694897
1/17/2014,0.002773752,0.004832538
1/21/2014,0.000574865,-0.000223748
1/22/2014,-0.008889577,-0.00346783
1/23/2014,-0.020875449,-0.019533193
1/24/2014,-0.004876294,-0.008816034
1/27/2014,0.006140652,-0.007855046
1/28/2014,-0.010209232,-0.008732035
1/29/2014,0.011267045,0.015856215
1/30/2014,-0.006465299,0.005087364
1/31/2014,-0.02283192,-0.023582362
2/3/2014,0.007641089,0.005773147
2/4/2014,-0.002028222,0.000117033
2/5/2014,0.012439793,0.011478283
2/6/2014,0.013301887,0.014589906
2/7/2014,0.001569235,0.005135687
2/10/2014,0.011062114,0.011581927
2/11/2014,-0.000269262,0.002581452
2/12/2014,0.005810025,0.010076328
2/13/2014,0.004809217,0.002660036
2/14/2014,0.001158474,0.002542624
2/18/2014,-0.006524484,-0.005072084
2/19/2014,0.006031458,0.004543689
2/20/2014,-0.001918723,-0.003751027
2/21/2014,0.006186513,0.004983614
2/24/2014,-0.001347682,-0.003967189
2/25/2014,2.16999E-05,0.002212563
2/26/2014,0.004948083,0.006402629
2/27/2014,0.002782689,-0.002193805
2/28/2014,-0.007378511,-0.007584681
3/3/2014,0.015267701,0.015285633
3/4/2014,-5.3351E-05,0.001745555
3/5/2014,0.001718408,0.000217796
3/6/2014,0.000538089,-0.004682048
3/7/2014,-0.000463246,-0.001312704
3/10/2014,-0.005082139,-0.003067059
3/11/2014,0.000305171,0.003296136
3/12/2014,-0.011701095,-0.014784686
3/13/2014,-0.002821778,-0.007114443
3/14/2014,0.009613635,0.012427336
3/17/2014,0.007219619,0.014707521
3/18/2014,-0.006131649,-0.004795104
3/19/2014,0.006040505,0.00657017
3/20/2014,-0.002932671,-0.006962562
3/21/2014,-0.00486471,-0.002629238
3/24/2014,0.00440394,0.007749156
3/25/2014,-0.007000319,-0.013661255
3/26/2014,-0.001900084,-0.006204989
3/27/2014,0.004640222,0.005351672
3/28/2014,0.007924102,0.009870305
3/31/2014,0.007039349,0.014386352
4/1/2014,0.002853326,-0.000108305
4/2/2014,-0.00112645,-0.007579132
4/3/2014,-0.012537288,-0.023456144
4/4/2014,-0.010750113,-0.007373659
4/7/2014,0.003750554,0.009904253
4/8/2014,0.010918213,0.015936939
4/9/2014,-0.020884796,-0.027095105
4/10/2014,-0.009486774,-0.011388217
4/11/2014,0.008217286,0.008895995
4/14/2014,0.006757308,0.004861003
4/15/2014,0.010488491,0.00911244
4/16/2014,0.001363853,-0.001672462
4/17/2014,0.003775124,0.004020283
4/21/2014,0.004092139,0.005116226
4/22/2014,-0.002213314,-0.01040169
4/23/2014,0.00171696,0.010175345
4/24/2014,-0.008096391,-0.013172162
4/25/2014,0.003236036,0.007515206
4/28/2014,0.004760757,0.007459591
4/29/2014,0.002992017,0.004309653
4/30/2014,-0.000143261,-0.00220054
5/1/2014,-0.001348445,-0.001433649
5/2/2014,0.001871216,0.003975618
5/5/2014,-0.008988392,-0.01220985
5/6/2014,0.005616468,-0.003563473
5/7/2014,-0.001373625,0
5/8/2014,0.001519476,0.00212333
5/9/2014,0.009672738,0.017062537
5/12/2014,0.000421758,0.000438857
5/13/2014,-0.004701005,-0.004932264
5/14/2014,-0.009361807,-0.007489817
5/15/2014,0.003746965,0.006658621
5/16/2014,0.003844787,0.009260457
5/19/2014,-0.006498398,-0.004150913
5/20/2014,0.008116099,0.007677887
5/21/2014,0.00236223,0.002068103
5/22/2014,0.004248392,0.010102151
5/23/2014,0.005987806,0.011399265
5/27/2014,-0.001114072,-0.003508902
5/28/2014,0.00536711,0.006295304
5/29/2014,0.001843678,-0.000742184
5/30/2014,0.000727826,-0.001273435
6/2/2014,-0.000379217,-0.00063748
6/3/2014,0.001891664,0.002870466
6/4/2014,0.00652528,0.008799036
6/5/2014,0.004627758,0.004833963
6/6/2014,0.000938772,0.003137255
6/9/2014,-0.000245984,0.002189364
6/10/2014,-0.003537041,-0.001768231
6/11/2014,-0.007088894,-0.008962232
6/12/2014,0.003134562,0.006729843
6/13/2014,0.000836705,0.001253397
6/16/2014,0.002172569,0.003651448
6/17/2014,0.007718881,0.004364962
6/18/2014,0.001277479,-0.002276483
6/19/2014,0.001730059,-0.002696905
6/20/2014,-0.000132464,0.0021843
6/23/2014,-0.006435311,-0.004439891
6/24/2014,0.004897511,0.005645676
6/25/2014,-0.001178884,-0.00124774
6/26/2014,0.001910869,0.005828986
6/27/2014,-0.000372257,0.002587182
6/30/2014,0.006677771,0.010115729
7/1/2014,0.000658813,0.000408681
7/2/2014,0.005479508,0.0044944
7/3/2014,-0.003923522,-0.000305023
7/7/2014,-0.007048802,-0.011697692
7/8/2014,0.004644268,0.004322823
7/9/2014,-0.004131072,-0.002254692
7/10/2014,0.001470922,0.003184205
7/11/2014,0.004843553,0.007474103
7/14/2014,-0.001932096,-0.002743953
7/15/2014,0.004201085,0.009375288
7/16/2014,-0.011834026,-0.012922727
7/17/2014,0.010264936,0.013705661
7/18/2014,-0.002320251,-0.000605453
7/21/2014,0.00501615,0.008379563
7/22/2014,0.001754438,0.001702083
7/23/2014,0.000488156,-0.000499672
7/24/2014,-0.00484915,-0.001499994
7/25/2014,0.000288155,0.00200292
7/28/2014,-0.004527787,-0.004497745
7/29/2014,6.09127E-05,0.00321298
7/30/2014,-0.01999924,-0.020716866
7/31/2014,-0.002859121,-0.005416241
8/1/2014,0.007189032,0.006781729
8/4/2014,-0.00968547,-0.008471232
8/5/2014,1.56384E-05,-0.001852747
8/6/2014,-0.00555662,-0.003609368
8/7/2014,0.011531403,0.006106409
8/8/2014,0.002759425,0.006686644
8/11/2014,-0.001636642,-0.001635054
8/12/2014,0.00670716,0.011361378
8/13/2014,0.004345814,0.00131552
8/14/2014,-6.13729E-05,0.002122569
8/15/2014,0.008531672,0.009883965
8/18/2014,0.005000652,0.008189408
8/19/2014,0.002477813,-0.000495145
8/20/2014,0.002949889,0.005153588
8/21/2014,-0.001992587,0.000887258
8/22/2014,0.004787779,0
8/25/2014,0.001051081,0.000886625
8/26/2014,4.9987E-05,-0.00088584
8/27/2014,-0.001689901,-0.001181958
8/28/2014,0.003320415,0.006016038
8/29/2014,-0.000544066,0.001764977
9/2/2014,-0.000779141,-0.008122959
9/3/2014,-0.001534421,-0.001184061
9/4/2014,0.005035886,0.006915026
9/5/2014,-0.003073114,0.002550833
9/8/2014,-0.006545009,-0.006263012
9/9/2014,0.003646074,0.008074965
9/10/2014,0.000881906,0.003223631
9/11/2014,-0.005962558,-0.00584249
9/12/2014,-0.000710151,-0.007639451
9/15/2014,0.007484376,0.007402375
9/16/2014,0.001295644,0.001959286
9/17/2014,0.00489118,0.006453648
9/18/2014,-0.00047727,-0.004469128
9/19/2014,-0.008013323,-0.008392679
9/22/2014,-0.005776501,-0.002165032
9/23/2014,0.007832491,0.007012839
9/24/2014,-0.016168773,-0.023571132
9/25/2014,0.008575825,0.012874828
9/26/2014,-0.002546802,9.91728E-05
9/29/2014,-0.002785929,0.000496599
9/30/2014,-0.013248561,-0.017467293
10/1/2014,5.14346E-06,0.000808056
10/2/2014,0.011165509,0.008377076
10/3/2014,-0.00156516,-0.000400223
10/6/2014,-0.015126053,-0.017022253
10/7/2014,0.01746165,0.019659698
10/8/2014,-0.020661415,-0.015284714
10/9/2014,-0.011451012,-0.031043947
10/10/2014,-0.01646793,-0.013087463
10/13/2014,0.001578865,0.002015633
10/14/2014,-0.008100315,-0.004976128
10/15/2014,0.000144978,-0.005533086
10/16/2014,0.012884107,0.011555597
10/17/2014,0.009142657,0.006558351
10/20/2014,0.019574487,0.021647533
10/21/2014,-0.00729933,-0.00637723
10/22/2014,0.012303377,0.016459626
10/23/2014,0.00705345,0.008452847
10/24/2014,-0.001501568,0.000505085
10/27/2014,0.011939073,0.014737121
10/28/2014,-0.001385355,-0.002984174
10/29/2014,0.006230124,-0.003192775
10/30/2014,0.011731394,0.017215438
10/31/2014,-0.000118922,0.003640509
11/3/2014,-0.002829842,0.000196286
11/4/2014,0.005700497,9.78897E-05
11/5/2014,0.003775513,0.001274386
11/6/2014,0.000349586,0
11/7/2014,0.003120185,0.002740662
11/10/2014,0.000696694,0.001464181
11/11/2014,-0.000701117,0.002924485
11/12/2014,0.000529845,0.005150926
11/13/2014,0.00024027,0.008702411
11/14/2014,0.000735359,-0.002875678
11/17/2014,0.005133984,0.005287445
11/18/2014,-0.001501159,-0.008032776
11/19/2014,0.001967096,0.007230199
11/20/2014,0.005236877,0.002297148
11/21/2014,0.002864023,0.007543845
11/24/2014,-0.00115003,-0.000568669
11/25/2014,0.002805982,0.01033678
11/26/2014,-0.002542427,0.002721873
11/28/2014,-0.006829363,-0.012917736
12/1/2014,0.006384461,0.001991536
12/2/2014,0.003764743,0.005110701
12/3/2014,-0.001161896,0.000376675
12/4/2014,0.001665216,0
12/5/2014,-0.007256565,-0.014119055
12/8/2014,-0.000237824,0.005823938
12/9/2014,-0.016350968,-0.017845315
12/10/2014,0.004535689,0.005315622
12/11/2014,-0.016213587,-0.014900952
12/12/2014,-0.006342587,-0.006733727
12/15/2014,-0.008489023,-0.015032431
12/16/2014,0.020352416,0.019052487
12/17/2014,0.024015204,0.030442272
12/18/2014,0.004570049,0.004749643
12/19/2014,0.003810464,0.009454606
12/22/2014,0.001746362,0.001498638
12/23/2014,-0.000139297,-0.000331103
12/24/2014,0.003309575,0.004318429
12/26/2014,0.000861774,-0.005234609
12/29/2014,-0.004888604,-0.0077995
12/30/2014,-0.010310859,-0.011269926
12/31/2014,-0.000339964,-0.003256575
1/2/2015,-0.018278105,-0.015952325
1/5/2015,-0.008893472,-0.013574194
1/6/2015,0.011629843,0.008414749
1/7/2015,0.017888281,0.024936281
1/8/2015,-0.008403811,-0.003831239
1/9/2015,-0.008093685,-0.013654031
1/12/2015,-0.002578555,-0.000194957
1/13/2015,-0.005813067,-0.005265139
1/14/2015,-0.009247876,-0.014703035
1/15/2015,0.013424199,0.008456232
1/16/2015,0.001549952,0.008582301
1/20/2015,0.004731624,0.002054045
1/21/2015,0.015269722,0.020595247
1/22/2015,-0.005491522,0.001817284
1/23/2015,0.002568461,-0.003055003
1/26/2015,-0.013387862,-0.032461923
1/27/2015,-0.01349561,-0.00079162
1/28/2015,0.009534685,0.010201957
1/29/2015,-0.012991965,-0.015981888
1/30/2015,0.012962464,0.009266696
2/2/2015,0.014439495,0.010958538
2/3/2015,-0.004156046,0.001562364
2/4/2015,0.010291407,0.008580453
2/5/2015,-0.003418172,-0.003866946
2/6/2015,-0.004247195,-0.001552811
2/9/2015,0.010675561,0.016912976
2/10/2015,-2.90338E-05,0.003727674
2/11/2015,0.009644506,0.016474626
2/12/2015,0.004074739,0.008806425
2/13/2015,0.001597575,0.000185713
2/17/2015,-0.000314309,0.001857145
2/18/2015,-0.001062058,0.004170391
2/19/2015,0.006126534,0.00581471
2/20/2015,-0.000303339,0.000550447
2/23/2015,0.002758771,0.00238438
2/24/2015,-0.000765724,-0.007136287
2/25/2015,-0.001476028,0.007279789
2/26/2015,-0.002956304,-0.004940077
2/27/2015,0.006124919,0.009193634
3/2/2015,-0.004538542,-0.00792562
3/3/2015,-0.004388503,-0.003764963
3/4/2015,0.00119608,-0.002027805
3/5/2015,-0.014173946,-0.010806326
3/6/2015,0.003944421,0.004481849
3/9/2015,-0.01696133,-0.020542834
3/10/2015,-0.00191768,-0.005694328
3/11/2015,0.01260144,0.003817778
3/12/2015,-0.006074711,-0.004849015
3/13/2015,0.013533671,0.011847841
3/16/2015,-0.003320174,0.002832758
3/17/2015,0.012158422,0.012146884
3/18/2015,-0.004872579,-0.001860619
3/19/2015,0.009012755,0.005778737
3/20/2015,-0.001745731,0.001112088
3/23/2015,-0.006139422,-0.002962247
3/24/2015,-0.014558906,-0.028730531
3/25/2015,-0.0023775,0.000862561
3/26/2015,0.002368562,0.002202626
3/27/2015,0.012236645,0.011847881
3/30/2015,-0.008795775,-0.008876413
3/31/2015,-0.003965372,-0.00533549
4/1/2015,0.003529667,-0.001149319
4/2/2015,0.006608815,0.011028079
4/6/2015,-0.002061904,-0.001707356
4/7/2015,0.002682533,0.002280367
4/8/2015,0.004457481,0.005308468
4/9/2015,0.005202865,0.00443193
4/10/2015,-0.004581281,-0.003097874
4/13/2015,0.001629759,-0.003955472
4/14/2015,0.005148196,0.010494689
4/15/2015,-0.000778444,-0.002806852
4/16/2015,-0.011311245,-0.016138277
4/17/2015,0.009235131,0.019740715
4/20/2015,-0.001480605,-0.000935148
4/21/2015,0.00508748,0.008798918
4/22/2015,0.002357716,0.00296925
4/23/2015,0.0022528,0.010084167
4/24/2015,-0.004141314,0.003388989
4/27/2015,0.002769232,0.001004186
4/28/2015,-0.003740336,-0.006565778
4/29/2015,-0.010128907,-0.015329651
4/30/2015,0.010923002,0.014636037
5/1/2015,0.002940749,0.000275753
5/4/2015,-0.011837384,-0.016809193
5/5/2015,-0.004455725,-0.007754
5/6/2015,0.003773814,0.006496394
5/7/2015,0.013457901,0.013938315
5/8/2015,-0.005089561,-0.004797454
5/11/2015,-0.002949638,-0.005376826
5/12/2015,-0.000304955,0.005126223
5/13/2015,0.010779287,0.017155152
5/14/2015,0.000768414,-0.003464443
5/15/2015,0.003047948,0.004940125
5/18/2015,-0.000643375,-0.002002738
5/19/2015,-0.000930516,0.001003378
5/20/2015,0.002337874,0.003553734
5/21/2015,-0.002233886,0.000998964
5/22/2015,-0.01028198,-0.014513694
5/26/2015,0.009162641,0.018593353
5/27/2015,-0.001266761,-0.000722961
5/28/2015,-0.006318469,-0.007234572
5/29/2015,0.002059461,0.003005881
6/1/2015,-0.001008596,-0.00281523
6/2/2015,0.002118871,0.002003509
6/3/2015,-0.008623167,-0.009634333
6/4/2015,-0.001436183,-0.000550614
6/5/2015,-0.00647451,-0.013039538
6/8/2015,0.000418353,-0.002418998
6/9/2015,0.012042425,0.015668714
6/10/2015,0.001738626,-0.000918383
6/11/2015,-0.0069943,-0.008547785
6/12/2015,-0.004622572,-0.005098593
6/15/2015,0.005689856,0.006056549
6/16/2015,0.001979641,0.00185229
6/17/2015,0.009902711,0.007950526
6/18/2015,-0.005303502,-0.007245874
6/19/2015,0.006094867,0.00683685
6/22/2015,0.000635868,-0.000367053
6/23/2015,-0.007353297,-0.004023816
6/24/2015,-0.002973574,-0.003140834
6/25/2015,-0.00039008,-0.011676484
6/26/2015,-0.020866194,-0.021378266
6/29/2015,0.002658489,0.002874528
6/30/2015,0.00693604,0.004012463
7/1/2015,-0.000308023,0.001617678
7/2/2015,-0.003861757,-0.005130174
7/6/2015,0.006080975,0.00047746
7/7/2015,-0.016652749,-0.01670321
7/8/2015,0.002262203,-0.003591619
7/9/2015,0.012338485,0.016171462
7/10/2015,0.011066049,0.015914266
7/13/2015,0.004453159,0.004529409
7/14/2015,-0.000734986,0.000563761
7/15/2015,0.008014681,0.012674905
7/16/2015,0.001106183,0.017615239
7/17/2015,0.000771234,0.003826672
7/20/2015,-0.004261689,-0.00490108
7/21/2015,-0.00238771,-0.018150295
7/22/2015,-0.00567604,-0.00055762
7/23/2015,-0.010703328,-0.008086179
7/24/2015,-0.005775015,-0.009276324
7/27/2015,0.012386154,0.010119801
7/28/2015,0.007318795,0.00365186
7/29/2015,2.83676E-05,0.001585831
7/30/2015,-0.00227152,-0.004191276
7/31/2015,-0.002756887,-0.007389406
8/3/2015,-0.002249705,-0.007444483
8/4/2015,0.003114679,0.010158615
8/5/2015,-0.007752985,-0.010338401
8/6/2015,-0.002874883,9.49407E-05
8/7/2015,0.012808167,0.017187425
8/10/2015,-0.009557103,-0.017923939
8/11/2015,0.000950055,0.006273726
8/12/2015,-0.001275212,-0.003117228
8/13/2015,0.003911964,0.005022314
8/14/2015,0.005211424,0.00678861
8/17/2015,-0.00262553,-0.006649365
8/18/2015,-0.008254877,-0.008202055
8/19/2015,-0.02110017,-0.027186289
8/20/2015,-0.031850965,-0.03996483
8/21/2015,-0.039413693,-0.034707337
8/24/2015,-0.013521995,-0.008856947
8/25/2015,0.039033859,0.050638293
8/26/2015,0.024297748,0.024807548
8/27/2015,0.000608736,0.002470105
8/28/2015,-0.00839167,-0.008081996
8/31/2015,-0.029576447,-0.033485779
9/1/2015,0.018292975,0.026010326
9/2/2015,0.001164794,-0.001102335
9/3/2015,-0.015329596,-0.014444852
9/4/2015,0.025083053,0.02910939
9/8/2015,-0.01389756,-0.014142879
9/9/2015,0.005277955,0.012239151
9/10/2015,0.004487043,0.004856307
9/11/2015,-0.004089656,-0.002465872
9/14/2015,0.012831312,0.013446876
9/15/2015,0.008705414,0.00429278
9/16/2015,-0.00256106,-0.006703103
9/17/2015,-0.016164166,-0.012420441
9/18/2015,0.004565784,0.008021257
9/21/2015,-0.01231843,-0.016995713
9/22/2015,-0.002048643,0.002298514
9/23/2015,-0.003362985,0.00099703
9/24/2015,-0.000465793,-0.003858879
9/25/2015,-0.02566609,-0.022971291
9/28/2015,0.001232853,-0.007084176
9/29/2015,0.019075556,0.02264501
9/30/2015,0.001973884,0.000101246
10/1/2015,0.014315289,0.016580611
10/2/2015,0.018289841,0.018597675
10/5/2015,-0.003588236,0.002538469
10/6/2015,0.008035634,0.003700829
10/7/2015,0.008818436,0.003784183
10/8/2015,0.000725111,0.006573243
10/9/2015,0.001275477,-0.000960269
10/12/2015,-0.006825424,-0.003460602
10/13/2015,-0.004716274,-0.00077182
10/14/2015,0.014852774,0.012163594
10/15/2015,0.004570474,0.002574991
10/16/2015,0.000270546,0.002473347
10/19/2015,-0.00142109,-0.004270205
10/20/2015,-0.005825415,-0.007814718
10/21/2015,0.016627572,0.022572323
10/22/2015,0.011030344,0.031655126
10/23/2015,-0.0019131,-0.006009428
10/26/2015,-0.002554119,-0.005495975
10/27/2015,0.011840033,0.01768448
10/28/2015,-0.000449774,-0.004796893
10/29/2015,-0.004809877,-0.006547822
10/30/2015,0.011873817,0.011351173
11/2/2015,0.002728067,0.006698047
11/3/2015,-0.003545367,0.000269724
11/4/2015,-0.001132148,-0.004134686
11/5/2015,-0.000347622,0.00559614
11/6/2015,-0.009822729,-0.00987349
11/9/2015,0.001510595,-0.008884089
11/10/2015,-0.003228086,-0.000731797
11/11/2015,-0.013990375,-0.009061716
11/12/2015,-0.011207365,-0.020968099
11/13/2015,0.014903265,0.014152282
11/16/2015,-0.001339379,-0.000372085
11/17/2015,0.016162452,0.016565925
11/18/2015,-0.001123109,0.005035202
11/19/2015,0.003810196,0.00828932
11/20/2015,-0.001234861,-0.005872285
11/23/2015,0.001221996,0.00254453
11/24/2015,-0.000129133,-0.003172611
11/25/2015,0.000593618,0.001909666
11/27/2015,-0.004640997,0.001089152
11/30/2015,0.010680574,0.010788632
12/1/2015,-0.010995693,-0.006368152
12/2/2015,-0.014373527,-0.013179317
12/3/2015,0.020525669,0.022777251
12/4/2015,-0.006989503,-0.006618372
12/7/2015,-0.006489901,-0.001710809
12/8/2015,-0.007738985,-0.015963098
12/9/2015,0.002251387,0.003391178
12/10/2015,-0.019422767,-0.020643125
12/11/2015,0.00475556,0.004849885
12/14/2015,0.010618561,0.00324844
12/15/2015,0.014514969,0.013137354
12/16/2015,-0.015040521,-0.014793262
12/17/2015,-0.01779722,-0.019464307
12/18/2015,0.007778402,0.009452665
12/21/2015,0.008816736,0.006273977
12/22/2015,0.012418068,0.008002997
12/23/2015,-0.001598636,-0.000775508
12/24/2015,-0.00217856,0.000556131
12/28/2015,0.010629763,0.013432112
12/29/2015,-0.007217229,-0.007586812
12/30/2015,-0.009411913,-0.014184487
12/31/2015,-0.015303731,-0.01522921
1/4/2016,0.002012226,-0.005028475
1/5/2016,-0.013115397,-0.012777795
1/6/2016,-0.023700443,-0.032840846
1/7/2016,-0.010838375,-0.00788972
1/8/2016,0.000853272,0.005133987
1/11/2016,0.007802799,0.012418603
1/12/2016,-0.024965453,-0.029181811
1/13/2016,0.016695906,0.02027694
1/14/2016,-0.021599098,-0.031858429
1/15/2016,0.000531822,-0.002166193
1/19/2016,-0.011693855,-0.004755712
1/20/2016,0.005195438,0.00166217
1/21/2016,0.020283701,0.029140096
1/22/2016,-0.015637982,-0.015114802
1/25/2016,0.014144336,0.009719731
1/26/2016,-0.010863484,-0.02593993
1/27/2016,0.005528577,0.016019981
1/28/2016,0.024760217,0.034196919
1/29/2016,-0.000443236,0.001583866
2/1/2016,-0.018743091,-0.021053551
2/2/2016,0.004992039,-0.003130045
2/3/2016,0.001526733,0.003342438
2/4/2016,-0.018481246,-0.036846397
2/5/2016,-0.014153936,-0.014987907
2/8/2016,-0.00066362,-0.004362634
2/9/2016,-0.000188951,0.001709968
2/10/2016,-0.012301162,-0.001387013
2/11/2016,0.019518049,0.013141036
2/12/2016,0.016516654,0.020879532
2/16/2016,0.016480439,0.02437751
2/17/2016,-0.004665714,-0.006151009
2/18/2016,-2.60331E-05,0.002942529
2/19/2016,0.014454197,0.013656846
2/22/2016,-0.012454372,-0.018862286
2/23/2016,0.004439787,0.009663532
2/24/2016,0.011348275,0.012391552
2/25/2016,-0.001870114,-0.001592286
2/26/2016,-0.008120977,-0.005880394
2/29/2016,0.023868792,0.031180895
3/1/2016,0.004094308,0.002430791
3/2/2016,0.003498741,-0.00019399
3/3/2016,0.003305892,0.003492473
3/4/2016,0.000885014,-0.005510312
3/7/2016,-0.011240109,-0.007193696
3/8/2016,0.005052393,0.009889269
3/9/2016,0.000155805,-0.001454235
3/10/2016,0.0163955,0.017865857
3/11/2016,-0.001260973,-0.000286217
3/14/2016,-0.001836942,0.002671703
3/15/2016,0.005600352,0.012942594
3/16/2016,0.006595236,0.003851717
3/17/2016,0.004405644,0.002620675
3/18/2016,0.000985577,0.00252036
3/21/2016,-0.000877388,0.002420812
3/22/2016,-0.006386032,-0.008491837
3/23/2016,-0.000378071,0.000658148
3/24/2016,0.000545256,-0.002160971
3/28/2016,0.008816652,0.016667906
3/29/2016,0.004350315,0.006484127
3/30/2016,-0.002039759,-0.001472548
3/31/2016,0.006330915,0.007465335
4/1/2016,-0.003208322,-0.004574105
4/4/2016,-0.010144492,-0.010660775
4/5/2016,0.010507619,0.010589973
4/6/2016,-0.011975787,-0.014339603
4/7/2016,0.002786578,-0.00046634
4/8/2016,-0.002739786,-0.001959307
4/11/2016,0.009662134,0.004861101
4/12/2016,0.010040137,0.01451304
4/13/2016,0.000172927,-0.001467151
4/14/2016,-0.000984285,-0.005142864
4/15/2016,0.006541026,0.002492322
4/18/2016,0.003084485,-0.006353492
4/19/2016,0.000761545,0.00287278
4/20/2016,-0.005194027,0.000924007
4/21/2016,4.78599E-05,-0.01920234
4/22/2016,-0.001812046,-0.000658906
4/25/2016,0.001872752,-0.004238466
4/26/2016,0.001649353,-0.009364365
4/27/2016,-0.009230768,-0.014131634
4/28/2016,-0.005063088,-0.009394566
4/29/2016,0.007809947,0.005964069
5/2/2016,-0.008676638,-0.009524768
5/3/2016,-0.005936889,-0.004219422
5/4/2016,-0.000239008,0.000196969
5/5/2016,0.003174639,0.005714396
5/6/2016,0.000753497,0.000685678
5/9/2016,0.012483644,0.013705239
5/10/2016,-0.009561518,-0.006566641
5/11/2016,-0.000169465,-0.006124397
5/12/2016,-0.008478289,-0.001173626
5/13/2016,0.009796653,0.014002976
5/16/2016,-0.009411297,-0.010236551
5/17/2016,0.000205179,0.006049403
5/18/2016,-0.003706708,-0.005043298
5/19/2016,0.006019504,0.013354165
5/20/2016,-0.002085459,-0.000769375
5/23/2016,0.013681383,0.021370682
5/24/2016,0.00697474,0.008671129
5/25/2016,-0.000210444,0.002803246
5/26/2016,0.004286857,0.004938477
5/27/2016,-0.001005263,0.002225308
5/31/2016,0.001135042,-0.001757737
6/1/2016,0.002824678,-0.001668245
6/2/2016,-0.002911815,-0.00334199
6/3/2016,0.004897281,0.003632724
6/6/2016,0.001289446,0.001392051
6/7/2016,0.003309566,0.002873046
6/8/2016,-0.001717759,9.2397E-05
6/9/2016,-0.009175181,-0.011365813
6/10/2016,-0.008115191,-0.010094321
6/13/2016,-0.001798886,0.000377527
6/14/2016,-0.001840713,-0.001038162
6/15/2016,0.003132991,0.000944929
6/16/2016,-0.003257965,-0.009250619
6/17/2016,0.005808185,0.006002302
6/20/2016,0.002712061,0.006663188
6/21/2016,-0.001651564,-0.004529179
6/22/2016,0.013364079,0.01545032
6/23/2016,-0.0359198,-0.042751808
6/24/2016,-0.018096502,-0.02506096
6/27/2016,0.017770165,0.021204211
6/28/2016,0.017032673,0.016748186
6/29/2016,0.013565044,0.014160416
6/30/2016,0.001948602,0.000475054
7/1/2016,-0.006847477,-0.008924401
7/5/2016,0.005352963,0.007280456
7/6/2016,-0.000871578,0.002662895
7/7/2016,0.015253349,0.017452346
7/8/2016,0.003408616,0.00643224
7/11/2016,0.007009293,0.009725922
7/12/2016,0.000134768,-0.001742956
7/13/2016,0.005259204,0.008270546
7/14/2016,-0.000928947,-0.001458265
7/15/2016,0.002382295,0.008123278
7/18/2016,-0.001435174,-0.001810562
7/19/2016,0.004270301,0.01478452
7/20/2016,-0.003612529,-0.005362942
7/21/2016,0.004553965,0.005302001
7/22/2016,-0.003011475,-0.000178839
7/25/2016,0.000322785,0.004917367
7/26/2016,-0.001198542,0.009074628
7/27/2016,0.001606209,0.003791334
7/28/2016,0.001631309,0.002459272
7/29/2016,-0.001269787,0.004906825
8/1/2016,-0.00636162,-0.009591211
8/2/2016,0.003133943,0.004841979
8/3/2016,0.000212572,0.005694862
8/4/2016,0.008603496,0.011412064
8/5/2016,-0.000907165,8.61966E-05
8/8/2016,0.000389794,0.002497593
8/9/2016,-0.002864686,-0.003694069
8/10/2016,0.004734588,0.004052605
8/11/2016,-0.000796046,-0.000429393
8/12/2016,0.002792909,0.005412808
8/15/2016,-0.005479077,-0.004785435
8/16/2016,0.00186859,-0.001631459
8/17/2016,0.002199617,0.001634125
8/18/2016,-0.001440272,0.002060908
8/19/2016,-0.000563323,-0.001456797
8/22/2016,0.001951769,0.004290687
8/23/2016,-0.005240277,-0.005297757
8/24/2016,-0.001365227,0.001717987
8/25/2016,-0.001578817,0.000857655
8/26/2016,0.005228047,0.003255867
8/29/2016,-0.001953681,-0.002647486
8/30/2016,-0.002375864,-0.001798247
8/31/2016,-4.13846E-05,0.003602964
9/1/2016,0.004201041,0.004102944
9/2/2016,0.002981679,0.004256422
9/6/2016,-0.000146385,0.00203427
9/7/2016,-0.002223014,-0.009728376
9/8/2016,-0.024522069,-0.023577656
9/9/2016,0.014677053,0.016710394
9/12/2016,-0.014830674,-0.006453898
9/13/2016,-0.000587677,0.006928921
9/14/2016,0.010109273,0.017718892
9/15/2016,-0.003772295,-0.003380585
9/16/2016,-1.86031E-05,-0.002204857
9/19/2016,0.000299138,-0.00101985
9/20/2016,0.010917162,0.010634566
9/21/2016,0.006499785,0.00648195
9/22/2016,-0.005736775,-0.009116707
9/23/2016,-0.008587762,-0.006879386
9/26/2016,0.00644417,0.011676362
9/27/2016,0.005296554,0.003538387
9/28/2016,-0.009321411,-0.006128301
9/29/2016,0.007967969,0.005152458
9/30/2016,-0.003260696,-0.003277356
10/3/2016,-0.004955562,-0.001011691
10/4/2016,0.004296691,0.004050981
10/5/2016,0.00048156,0.001765144
10/6/2016,-0.003253484,-0.001510304
10/7/2016,0.004605905,0.007226839
10/10/2016,-0.012446472,-0.01234771
10/11/2016,0.001146589,-0.001013648
10/12/2016,-0.003099264,-0.006257452
10/13/2016,0.000201604,0.003829063
10/14/2016,-0.003037994,-0.002797286
10/17/2016,0.006160403,0.007820446
10/18/2016,0.002191971,-0.000759003
10/19/2016,-0.001375724,-0.00253231
10/20/2016,-8.41417E-05,0.005500514
10/21/2016,0.00474984,0.01262416
10/24/2016,-0.003797728,-0.003075126
10/25/2016,-0.001740411,-0.005835723
10/26/2016,-0.002986727,-0.004779902
10/27/2016,-0.003108299,-0.001263876
10/28/2016,-0.000122277,0.000506153
10/31/2016,-0.006786883,-0.008348165
11/1/2016,-0.006525501,-0.007993089
11/2/2016,-0.004423401,-0.009514876
11/3/2016,-0.001666131,-0.002769363
11/4/2016,0.022223544,0.024212367
11/7/2016,0.003771974,0.004236621
11/8/2016,0.011077021,-0.001603114
11/9/2016,0.001950746,-0.016563756
11/10/2016,-0.00139795,0.007132368
11/11/2016,-0.000115503,-0.014419767
11/14/2016,0.007480798,0.01601583
11/15/2016,-0.001582264,0.008265199
11/16/2016,0.00467637,0.006000273
11/17/2016,-0.002386798,-0.001092059
11/18/2016,0.007461401,0.010007413
11/21/2016,0.002165432,0.001498802
11/22/2016,0.000808025,-0.005071496
11/23/2016,0.003914387,0.002924786
11/25/2016,-0.005254536,0.000666424
11/28/2016,0.001335293,0.001082488
11/29/2016,-0.002653404,-0.010729397
11/30/2016,-0.003515529,-0.024634268
12/1/2016,0.000397006,0.004482407
12/2/2016,0.005821305,0.010211944
12/5/2016,0.003410888,0.003228009
12/6/2016,0.013163242,0.017273409
12/7/2016,0.002159343,0.00499427
12/8/2016,0.005938985,0.006791375
12/9/2016,-0.001137435,-0.004771226
12/12/2016,0.006539775,0.01339057
12/13/2016,-0.008117172,-0.003017937
12/14/2016,0.003883228,0.004090631
12/15/2016,-0.001750623,-0.007740614
12/16/2016,0.001975121,0.007472636
12/19/2016,0.003637512,0.002119083
12/20/2016,-0.002457361,-0.001080934
12/21/2016,-0.001862974,-0.004408515
12/22/2016,0.001251715,0.00106608
12/23/2016,0.002248373,0.004669046
12/27/2016,-0.008356529,-0.009620874
12/28/2016,-0.000293305,-0.000741003
12/29/2016,-0.00463705,-0.009309637
12/30/2016,0.008486575,0.007484551
1/3/2017,0.005722274,0.004457334
1/4/2017,-0.00077067,0.001561192
1/5/2017,0.003516959,0.009517689
1/6/2017,-0.003548594,0.002844499
1/9/2017,0,0.000324224
1/10/2017,0.002829638,0.006562411
1/11/2017,-0.002144809,-0.003702546
1/12/2017,0.001849841,0.003797092
1/13/2017,-0.002967503,-0.005231396
1/17/2017,0.001763754,0.003236245
1/18/2017,-0.003609309,-0.002096772
1/19/2017,0.003366238,0.00509139
1/20/2017,-0.002690125,0.00080394
1/23/2017,0.006564594,0.010926435
1/24/2017,0.008026091,0.011920815
1/25/2017,-0.000735384,-0.001021091
1/26/2017,-0.000866464,0.003223387
1/27/2017,-0.006009543,-0.008933432
1/30/2017,-0.000889905,-0.004348903
1/31/2017,0.000298364,0.009926899
2/1/2017,0.000570309,0.000314523
2/2/2017,0.007264758,0.0066819
2/3/2017,-0.002115357,0.001483772
2/6/2017,0.000226829,0.004912229
2/7/2017,0.000693322,0.001629267
2/8/2017,0.005752546,0.003331175
2/9/2017,0.00356605,0.000617624
2/10/2017,0.005245845,0.006790081
2/13/2017,0.004007335,0.003448607
2/14/2017,0.004992309,0.004124682
2/15/2017,-0.000864118,0.001825406
2/16/2017,0.001678556,0.002885076
2/17/2017,0.006048066,0.00545086
2/21/2017,-0.0010822,0.001807217
2/22/2017,0.000418987,-0.003006676
2/23/2017,0.001493364,0.000904931
2/24/2017,0.001017983,0.000978964
2/27/2017,-0.002578376,-0.005643472
2/28/2017,0.013673855,0.013923688
3/1/2017,-0.00585988,-0.007537665
3/2/2017,0.000503877,0.001654284
3/3/2017,-0.003277241,-0.002027251
3/6/2017,-0.002913374,0.001354249
3/7/2017,-0.002284216,0.000901568
3/8/2017,0.000799895,-0.000375379
3/9/2017,0.00326867,0.005556409
3/10/2017,0.000366633,0.000672001
3/13/2017,-0.003379027,-0.00231312
3/14/2017,0.008374753,0.006208018
3/15/2017,-0.00162671,0.003196125
3/16/2017,-0.001314315,0
3/17/2017,-0.002009893,0.002148889
3/20/2017,-0.012407973,-0.016044441
3/21/2017,0.001889886,0.00788999
3/22/2017,-0.00106027,-0.002534934
3/23/2017,-0.000843996,0.000914402
3/24/2017,-0.001019587,0.000823577
3/27/2017,0.007251474,0.007555864
3/28/2017,0.001085325,0.002598845
3/29/2017,0.00293511,0.001407073
3/30/2017,-0.002255048,-0.000369799
3/31/2017,-0.001642126,-0.002145368
4/3/2017,0.000559522,0.000370612
4/4/2017,-0.003054861,-0.003853747
4/5/2017,0.001929509,-0.00014874
4/6/2017,-0.00082713,-0.000372195
4/7/2017,0.000687686,-0.001712056
4/10/2017,-0.001433879,-0.004101096
4/11/2017,-0.003759951,-0.00471708
4/12/2017,-0.006814694,-0.003535453
4/13/2017,0.008613349,0.009361232
4/17/2017,-0.00290338,-0.000747999
4/18/2017,-0.001716351,-0.000523925
4/19/2017,0.007557263,0.008762019
4/20/2017,-0.003035073,-0.000371114
4/21/2017,0.010840069,0.013367928
4/24/2017,0.006090687,0.006302755
4/25/2017,-0.000485703,-0.002548957
4/26/2017,0.00055292,0.005986996
4/27/2017,-0.001913147,0.003121016
4/28/2017,0.001732291,0.009767642
5/1/2017,0.00118905,0.00193474
5/2/2017,-0.001271361,-0.000572124
5/3/2017,0.000582103,0.000787199
5/4/2017,0.004088695,0.004361553
5/5/2017,3.74461E-05,0.0049119
5/8/2017,-0.001025249,0.001487712
5/9/2017,0.001130601,0.003253825
5/10/2017,-0.002162809,-0.001057473
5/11/2017,-0.001478441,0.003105604
5/12/2017,0.004776514,0.005277001
5/15/2017,-0.000686897,0.006929484
5/16/2017,-0.018178215,-0.029820578
5/17/2017,0.003686819,0.006233318
5/18/2017,0.0067675,0.004984296
5/19/2017,0.005160132,0.009635964
5/22/2017,0.001837872,0.000140409
5/23/2017,0.002489127,0.004069561
5/24/2017,0.004441948,0.008315868
5/25/2017,0.00031055,0.000762221
5/26/2017,-0.001204624,0.002146904
5/30/2017,-0.000459969,-0.003524384
5/31/2017,0.007571113,0.003467476
6/1/2017,0.003707731,0.011057394
6/2/2017,-0.001217665,6.82744E-05
6/5/2017,-0.00277904,-0.001298696
6/6/2017,0.001568257,0.002463742
6/7/2017,0.000267205,0.004096241
6/8/2017,-0.000829989,-0.030663566
6/9/2017,-0.000978763,-0.006523163
6/12/2017,0.004511505,0.008331067
6/13/2017,-0.000995831,-0.006931908
6/14/2017,-0.002239598,-0.005006087
6/15/2017,0.000283639,-0.00198414
6/16/2017,0.008347229,0.017537673
6/19/2017,-0.006696638,-0.008094264
6/20/2017,-0.000582644,0.007105223
6/21/2017,-0.000455782,0.002724209
6/22/2017,0.001560916,0.007384268
6/23/2017,0.000315802,-0.006984353
6/26/2017,-0.008072825,-0.017945153
6/27/2017,0.008808066,0.012580023
6/28/2017,-0.008600023,-0.018179149
6/29/2017,0.001533232,-0.001143966
6/30/2017,0.002310834,-0.010019982
7/3/2017,0.001453279,0.011061235
7/5/2017,-0.009368824,-0.008580647
7/6/2017,0.006403126,0.013270922
7/7/2017,0.000927766,0.008185687
7/10/2017,-0.000782681,0.00444788
7/11/2017,0.007305608,0.012581723
7/12/2017,0.001874584,0.002984835
7/13/2017,0.004673503,0.009204906
7/14/2017,-5.29129E-05,-6.86596E-05
7/17/2017,0.000597857,0.004526462
7/18/2017,0.005372639,0.006076188
7/19/2017,-0.000153659,0.000814445
7/20/2017,-0.000367872,-0.002780056
7/21/2017,-0.001063735,0.003875641
7/24/2017,0.002923172,-0.002235076
7/25/2017,0.000282664,0.000950235
7/26/2017,-0.000972688,-0.011190171
7/27/2017,-0.001341115,-0.000137235
7/28/2017,-0.000728146,-0.006653727
7/31/2017,0.002449115,0.004419547
8/1/2017,0.000492648,0.003850077
8/2/2017,-0.002183654,-0.003629924
8/3/2017,0.001889104,0.003299477
8/4/2017,0.0016472,0.006508761
8/7/2017,-0.002414433,-0.001157163
8/8/2017,-0.000363609,-0.000204578
8/9/2017,-0.014474442,-0.022084316
8/10/2017,0.00127557,0.008503493
8/11/2017,0.010043755,0.016172393
8/14/2017,-0.000498808,0.001904506
8/15/2017,0.001420103,0.002851127
8/16/2017,-0.015436952,-0.020374994
8/17/2017,-0.001835367,-0.001036526
8/18/2017,0.001162651,-0.001590974
8/21/2017,0.00994078,0.015934691
8/22/2017,-0.003453593,-0.001636798
8/23/2017,-0.002074462,-0.00088796
8/24/2017,0.001672869,-0.000888756
8/25/2017,0.000487072,0.002326416
8/28/2017,0.000842822,0.00423288
8/29/2017,0.004615149,0.009517279
8/30/2017,0.005720976,0.008686769
8/31/2017,0.001982541,-0.000400515
9/1/2017,-0.007550807,-0.009684019
9/5/2017,0.003128727,0.00202318
9/6/2017,-0.000178436,0.003163251
9/7/2017,-0.001488851,-0.009325696
9/8/2017,0.010839299,0.013747728
9/11/2017,0.003363948,0.001469779
9/12/2017,0.000757121,-0.000800597
9/13/2017,-0.001100718,-0.003604947
9/14/2017,0.001847181,0.003283107
9/15/2017,0.001455921,-6.68622E-05
9/18/2017,0.001110195,0.003339348
9/19/2017,0.000634348,-0.006123937
9/20/2017,-0.003045917,-0.005625867
9/21/2017,0.000647794,-0.000336852
9/22/2017,-0.00222205,-0.01334047
9/25/2017,7.21668E-05,0.005619412
9/26/2017,0.004085144,0.011979345
9/27/2017,0.001204616,0.000672726
9/28/2017,0.00370511,0.007662159
9/29/2017,0.003874004,0.001267395
10/2/2017,0.002158838,0.00266478
10/3/2017,0.00124672,-0.001461729
10/4/2017,0.005646787,0.01004727
10/5/2017,-0.001073634,0.003162012
10/6/2017,-0.001804434,0.002626695
10/9/2017,0.002322413,6.55206E-05
10/10/2017,0.001803507,0.004126123
10/11/2017,-0.001686753,0.000260792
10/12/2017,0.000878107,0.005738241
10/13/2017,0.001750753,0.00369551
10/16/2017,0.000672579,0.00019376
10/17/2017,0.000742335,0.003681191
10/18/2017,0.000327998,-0.003539047
10/19/2017,0.005116843,0.006070055
10/20/2017,-0.003972484,-0.004043759
10/23/2017,0.001617909,0.003480155
10/24/2017,-0.00466305,-0.005779943
10/25/2017,0.001270946,0.004650796
10/26/2017,0.008073022,0.029254839
10/27/2017,-0.00319247,0.00449768
10/30/2017,0.000944459,0.004912939
10/31/2017,0.00159211,-0.000804423
11/1/2017,0.000189966,0.000990944
11/2/2017,0.003097075,0.008909748
11/3/2017,0.001271251,0.004170275
11/6/2017,-0.000189103,0.000427475
11/7/2017,0.001443655,0.00512791
11/8/2017,-0.003761888,-0.009535349
11/9/2017,-0.000897644,6.12499E-05
11/10/2017,0.000983634,6.13385E-05
11/13/2017,-0.002309609,-0.003249423
11/14/2017,-0.005525676,-0.007012494
11/15/2017,0.008196058,0.01350434
11/16/2017,-0.002625963,-0.005195322
11/17/2017,0.001275683,0.004116499
11/20/2017,0.006541139,0.011992913
11/21/2017,-0.000750261,-0.002297707
11/22/2017,0.002056095,0.005333118
11/24/2017,-0.000384258,-0.000783663
11/27/2017,0.009848513,0.001809866
11/28/2017,-0.000369226,-0.025773803
11/29/2017,0.008190951,0.007541134
11/30/2017,-0.002024531,-0.004908087
12/1/2017,-0.001052157,-0.018310667
12/4/2017,-0.003739382,0.001318848
12/5/2017,-0.000114105,0.006146471
12/6/2017,0.002932358,0.006670157
12/7/2017,0.005506306,0.003963033
12/8/2017,0.003201957,0.008758317
12/11/2017,0.001548922,-0.003851951
12/12/2017,-0.000472957,0.001288984
12/13/2017,-0.004070859,-0.000796928
12/14/2017,0.008974344,0.011717787
12/15/2017,0.005362807,0.010854309
12/18/2017,-0.003230269,-0.00557129
12/19/2017,-0.000827893,-0.000241755
12/20/2017,0.001985656,-0.003324929
12/21/2017,-0.000458166,-0.001031134
12/22/2017,-0.001058415,-0.007893104
12/26/2017,0.000790941,0.000795607
12/27/2017,0.001833999,0.0014064
12/28/2017,-0.005183153,-0.00604536
12/29/2017,0.008303362,0.015113358
1/2/2018,0.006398819,0.010288603
1/3/2018,0.004028636,0.005571303
1/4/2018,0.007033767,0.009531749
1/5/2018,0.001662344,0.004189772
1/8/2018,0.001302932,-0.002644375
1/9/2018,-0.001112227,-0.00382982
1/10/2018,0.007033647,0.005618899
1/11/2018,0.006749603,0.005587592
1/12/2018,-0.003524487,-0.004620777
1/16/2018,0.009415052,0.015513101
1/17/2018,-0.00161639,0.001446618
1/18/2018,0.004385235,0.001155537
1/19/2018,0.008066727,0.008830137
1/22/2018,0.002174365,0.007322703
1/23/2018,-0.000559976,-0.009881881
1/24/2018,0.000602621,-0.00372833
1/25/2018,0.011841196,0.016638803
1/26/2018,-0.006731974,-0.008324823
1/29/2018,-0.010898815,-0.010336384
1/30/2018,0.000488985,0.006808955
1/31/2018,-0.000648089,-0.000458514
2/1/2018,-0.021208548,-0.0293004
2/2/2018,-0.040979225,-0.040226867
2/5/2018,0.017440921,0.028618977
2/6/2018,-0.005001589,-0.014300237
2/7/2018,-0.03753642,-0.041095091
2/8/2018,0.01493609,0.024498303
2/9/2018,0.013914585,0.019278377
2/12/2018,0.00261293,0.003273489
2/13/2018,0.013402458,0.020845857
2/14/2018,0.012069113,0.01976917
2/15/2018,0.00037347,-0.003192261
2/16/2018,-0.005841389,0.003202485
2/20/2018,-0.005496503,-0.004875501
2/21/2018,0.000973551,0.000466617
2/22/2018,0.016028376,0.020871024
2/23/2018,0.011757015,0.016104118
2/26/2018,-0.012706889,-0.008936096
2/27/2018,-0.011095789,-0.006521442
2/28/2018,-0.013324399,-0.016153936
3/1/2018,0.005071603,0.011255549
3/2/2018,0.011032026,0.010154919
3/5/2018,0.002638859,0.00403248
3/6/2018,-0.000483875,0.00650521
3/7/2018,0.004463078,0.003821795
3/8/2018,0.017378831,0.019035819
3/9/2018,-0.001273985,0.00516457
3/12/2018,-0.006363577,-0.013664947
3/13/2018,-0.005724522,0
3/14/2018,-0.00078193,0.000277095
3/15/2018,0.001703447,-0.001606594
3/16/2018,-0.014204195,-0.021641488
3/19/2018,0.001481805,-0.001247829
3/20/2018,-0.00184399,-0.004713499
3/21/2018,-0.025162889,-0.026376077
3/22/2018,-0.02096688,-0.027014365
3/23/2018,0.027157256,0.040861928
3/26/2018,-0.017276309,-0.035836434
3/27/2018,-0.002916657,-0.009983779
3/28/2018,0.013769719,0.021869911
3/29/2018,-0.022337423,-0.025503887
4/2/2018,0.012614866,0.010370894
4/3/2018,0.011566483,0.015336367
4/4/2018,0.006862864,0.002497609
4/5/2018,-0.021920249,-0.023786896
4/6/2018,0.003336549,0.007291711
4/9/2018,0.016726954,0.025336291
4/10/2018,-0.005525365,-0.003412379
4/11/2018,0.00825075,0.013046856
4/12/2018,-0.002886625,-0.00419581
4/13/2018,0.008109038,0.00719801
4/16/2018,0.010661505,0.021265487
4/17/2018,0.000831366,-0.00398246
4/18/2018,-0.005726125,-0.01216659
4/19/2018,-0.008536532,-0.015728004

